Name,Pente (%),Charge (%),Vitesse min. (km/h),Vitesse max. (km/h),Alpha,Beta,Gamma,Delta,Epsilon,Zeta,Eta,RF
VL_ESSENCE_EURO1_NOx,-,-,5,130,0.000544944,-0.058220501,3.055055809,-3.24559E-12,-6.5353E-16,7.6218E-14,5.822050053,0
VL_ESSENCE_EURO2_NOx,-,-,5,130,0.000383087,-0.029202016,0.952859261,-3.49149E-10,0.001488664,-0.078633738,3.360416167,0
VL_ESSENCE_EURO3_NOx,-,-,5,130,1.8325E-05,-0.004181358,0.260842825,6.56213E-12,0.000111409,-0.034236625,2.806280749,0
VL_ESSENCE_EURO4_NOx,-,-,5,130,3.85567E-05,-0.008580222,0.577346262,1.30653E-12,2.70176E-17,-1.30767E-13,5.430520471,0
VL_ESSENCE_EURO5_NOx,-,-,5,130,-0.000314541,0.103056777,0.239056576,-0.339279149,0.034535828,1.986012746,1.26376326,0
VL_ESSENCE_EURO6_NOx,-,-,5,130,-0.000807147,0.16736765,0.127245423,-0.513614769,0.036874851,2.402432766,1.40016E-06,0
