Name,Pente (%),Charge (%),Vitesse min. (km/h),Vitesse max. (km/h),Alpha,Beta,Gamma,Delta,Epsilon,Zeta,Eta,RF
VL_ESSENCE_EURO1_PM,,,10,130,0,0,0.00322,0,0,0,1,0
VL_ESSENCE_EURO2_PM,,,10,130,0,0,0.00322,0,0,0,1,0
VL_ESSENCE_EURO3_PM,,,10,130,0,0,0.00128,0,0,0,1,0
VL_ESSENCE_EURO4_PM,,,10,130,0,0,0.00128,0,0,0,1,0
VL_ESSENCE_EURO5_PM,,,10,130,5.7274E-07,-0.000125895,0.006907195,0.064229411,0.000329757,-0.087766409,6.011921291,0
VL_ESSENCE_EURO6_PM,,,10,130,5.59634E-07,-0.000116929,0.007459511,0.007401749,9.33277E-05,-0.034887675,3.505106497,0
