Name,Pente (%),Charge (%),Vitesse min. (km/h),Vitesse max. (km/h),Alpha,Beta,Gamma,Delta,Epsilon,Zeta,Eta,RF
DR_ESSENCE_EURO1_NOx,,,10,140,0.047434772,0.655261755,31.8957832,-233.5011779,-0.059115627,16.46979297,-71.86027436,0
DR_ESSENCE_EURO2_NOx,,,10,140,0.004856364,-0.315772516,11.53305702,-3.842065892,-0.003646857,0.866249135,56.99111091,0
DR_ESSENCE_EURO3_NOx,,,10,140,0.000310208,-0.018717648,0.689839132,1.172334461,-0.000530418,0.114668009,8.242056703,0
DR_ESSENCE_EURO4_NOx,,,10,140,0.000310208,-0.018717648,0.689839132,1.172334461,-0.000530418,0.114668009,8.242056703,0
DR_ESSENCE_EURO5_NOx,,,10,140,0.000310208,-0.018717648,0.689839132,1.172334461,-0.000530418,0.114668009,8.242056703,0
DR_ESSENCE_EURO6_NOx,,,,,0,0,0,0,0,0,1,0
