Name,Pente (%),Charge (%),Vitesse min. (km/h),Vitesse max. (km/h),Alpha,Beta,Gamma,Delta,Epsilon,Zeta,Eta,RF
VUL_ESSENCE_EURO1_PM,,,10,110,0,0,0.00322,0,0,0,1,0
VUL_ESSENCE_EURO2_PM,,,10,110,0,0,0.00322,0,0,0,1,0
VUL_ESSENCE_EURO3_PM,,,10,110,0,0,0.00128,0,0,0,1,0
VUL_ESSENCE_EURO4_PM,,,10,110,0,0,0.00128,0,0,0,1,0
VUL_ESSENCE_EURO5_PM,,,5,140,8.73399E-05,-0.000238433,0.041635648,-0.086289778,-0.02446078,4.866336391,0.036513155,0
VUL_ESSENCE_EURO6_PM,,,5,140,8.73399E-05,-0.000238433,0.041635648,-0.086289778,-0.02446078,4.866336391,0.036513155,0
